EWL_1,RMS_1,MMAV2_1,DASDV_1,MFL_1,EWL_2,RMS_2,MMAV2_2,DASDV_2,MFL_2,EWL_3,RMS_3,MMAV2_3,DASDV_3,MFL_3,EWL_4,RMS_4,MMAV2_4,DASDV_4,MFL_4,EWL_5,RMS_5,MMAV2_5,DASDV_5,MFL_5,EWL_6,RMS_6,MMAV2_6,DASDV_6,MFL_6,EWL_7,RMS_7,MMAV2_7,DASDV_7,MFL_7,EWL_8,RMS_8,MMAV2_8,DASDV_8,MFL_8,Label
0.41229925205637946,0.2902685040590714,0.25199781406973987,0.45024442145807814,1.3025318758039788,0.21892941379028955,0.11641719625675928,0.07637509441006736,0.19467431393233647,0.5742525002739445,0.3179396914012943,0.23824038083808582,0.1595839996418361,0.4035658143500149,1.207463935555081,0.4551242292225339,0.3497796210028685,0.20399787283187534,0.5939869497227602,1.5431890013085794,0.3429956101741051,0.25783894386391293,0.2942716498371662,0.4240318544464509,1.2504321610409048,0.600407135732883,0.46737038470498254,0.2971231666772541,0.8067778462984803,1.8091431230036967,0.7351858853732262,0.543747092297311,0.4985330177356623,0.9140741182901889,1.9175980190178654,0.47180889512479424,0.3453335507585897,0.24449667113683465,0.5547569385214428,1.483840680191962,1
0.2854374194991695,0.1944894711190052,0.15173990806389764,0.31049876848453367,0.9797549585893691,0.19925656304973327,0.12054016558464359,0.07386329914858618,0.20694740348623383,0.6273551581858697,0.15116875010853797,0.1223619057720144,0.1554431456409568,0.1959319814522124,0.5798458556079032,0.19536749996477695,0.15626371785737736,0.20893603205231098,0.2265712889601916,0.7060449453154856,0.3036373223339255,0.24575818029000493,0.11761222051977002,0.39263769689146055,1.1836191817939405,0.2938673086613725,0.29050310326004436,0.41089321864055706,0.48964512858281106,1.375398070843471,0.38312431622069054,0.3216676733560346,0.4130760612230133,0.552291542935995,1.4799719807213447,0.2737003120951604,0.21605347202937425,0.2088498484337595,0.34397385317423695,1.0686860573352455,1
0.1409589890435152,0.11195015936365797,0.15153985633388692,0.20234128486543243,0.6078042014635249,0.11192152120873404,0.07887946955751685,0.09365095272583812,0.14132778280485306,0.2960902859206747,0.08313286755814592,0.03979122643424795,0.029829103563007234,0.06212382126436869,-0.4178484823458085,0.12279461737887522,0.0724926238906247,0.08008837562244779,0.11083039792488647,0.08495297965019598,0.2696703913392497,0.2350832131610896,0.31345574607188786,0.3794467950796118,1.1539369725929374,0.07924227196331157,0.037670922887727484,0.04506015192442759,0.06194907275210615,-0.42029518483889633,0.1046146649322081,0.07415085068283815,0.07469675733253517,0.12910252877704204,0.21750469265726122,0.11706553543765909,0.08639527224984739,0.12211064956421597,0.14772593978939363,0.33454871762848626,0
0.05417709326677689,0.018287592594499025,0.014470060262055889,0.029123874266545037,-1.0758665105034841,0.05319329931215211,0.018773346202884504,0.017078483259083,0.028784126350242873,-1.086058700649857,0.07885569521700136,0.033968726015908356,0.02238316299943467,0.05282615144189663,-0.5586668612736918,0.10475012507260173,0.04580999570918059,0.025587899990348887,0.07720604487017764,-0.22906219563805602,0.11988429845729974,0.06050253191793738,0.03624523858952657,0.1031919548198067,0.02292687380084106,0.06249799637010175,0.02748550867784786,0.021074583944923665,0.039584440882477014,-0.8093157753046879,0.06763967444395048,0.02418751251553718,0.01641396441147372,0.0392057570699359,-0.8176651162531853,0.04414243705323296,0.014748898170884126,0.012648416270600461,0.02105981071631883,-1.3574558784677757,0
0.10422761866637947,0.060890250460057346,0.01796594752575556,0.0940726611507975,-0.05743794614475628,0.061636796471869815,0.025184631805878724,0.013558854803078564,0.037514984929219466,-0.855955252765609,0.0886822072314539,0.03815498284166984,0.02650612387968356,0.059699824382132935,-0.4524186982520124,0.12580421508570921,0.05976157617728271,0.039645155123114485,0.0987764328909836,-0.015058128500419186,0.18015873017409462,0.13394850191742394,0.03820746977018496,0.22613555283577833,0.704372888828895,0.14562342962501248,0.09078669464461112,0.03239641000745423,0.15004152302101043,0.34805812235395533,0.15971075754993372,0.1498449155173062,0.032482167549401544,0.23922749111202302,0.753257365901039,0.08599068259905518,0.05011923986376972,0.0191607151770278,0.07603872565560368,-0.24229514570624763,0
0.3361665396687499,0.23351988333911633,0.07415601094533329,0.3972095609953672,1.1936745817847982,0.13692032857730657,0.07807780707356737,0.029194788335256308,0.11969084764332957,0.1517570798721091,0.23149884092260556,0.16069706140433507,0.05867063606970174,0.25499082039697657,0.8086842870521467,0.3100264704049081,0.23046033070683464,0.060426541182153605,0.41264663481217895,1.2267918100594146,0.30647510452455334,0.21434402498359018,0.10476454417530454,0.33848790527453276,1.0547215050926224,0.4299766339077921,0.3330159911261807,0.094702361013962,0.5585553938907452,1.4897676947760823,0.5693485267594303,0.4969683828126682,0.10428617188354064,0.8012167725533134,1.803135258943741,0.35241846533888266,0.28907631473121514,0.05774767235145038,0.4934976745088165,1.38220541559825,1
0.43087895998963,0.27719037123484125,0.2375529332262353,0.4608192271558476,1.3226963770662405,0.18422843682741558,0.09501464193705188,0.06335059854358867,0.14984505851810806,0.3469200459349406,0.3104677956181335,0.2003293158208603,0.1144393683863076,0.33152304160904017,1.03666263109514,0.3933664070025887,0.26809630462873263,0.1821366606788216,0.4772351858714159,1.353100106783843,0.24119410311442355,0.17720230998484693,0.20377558273324325,0.2686511291232307,0.854012535037595,0.565761108211368,0.4132519756342193,0.2711481654123322,0.685157678393415,1.6672162528404992,0.8126296260340112,0.6219398376916024,0.4950550236641037,1.0040093863372002,1.999110740564946,0.4963101516260009,0.343895204692073,0.22549762317884167,0.5807717543019021,1.5236461673882473,1
0.2773542324702675,0.18156371824741352,0.16672078415122882,0.2841476481645573,0.9027233262449744,0.16471804763947048,0.08110332115783635,0.06850655395613976,0.13797348294422693,0.27522644975400645,0.16734390840764354,0.12554710612462833,0.12788297856866937,0.21931652209261351,0.6777778951013899,0.22574050233518017,0.15840989396898408,0.17626728970505603,0.27039399173555645,0.8596292689512147,0.22186068631619024,0.16991356203086636,0.08518831770279486,0.25577766477192204,0.8113604305527766,0.32281365937475615,0.2713049236704713,0.3225649630143909,0.43171222278305676,1.266023884043925,0.44360351128346226,0.4077843306688384,0.5386190062248958,0.6576906677415082,1.6316785536175036,0.2880546221733806,0.2090247698019391,0.2589218846770752,0.33792448307254636,1.0532745108381691,1
0.12543492309472945,0.08529382864801686,0.08618165413261406,0.1297545659262505,0.22188049290537534,0.10596812449756784,0.058236455108606026,0.058050383913367094,0.09631575356385838,-0.036970151687030606,0.08086987061562004,0.03709078963284364,0.02441803517972463,0.05790960171635517,-0.47886364939113313,0.13818309062891948,0.07097520104353058,0.03841858956586266,0.1150945572665751,0.1177447679217388,0.19323562511033224,0.1633560375164741,0.04638738078216478,0.24206723986641357,0.7635072310775384,0.11470552138356911,0.07964045380102765,0.06408410134246323,0.12849470177165906,0.21340563609917845,0.10738806471847667,0.06785267671145312,0.07254597861653161,0.11017392662417835,0.07979285072470974,0.1121191490487579,0.08216936790594997,0.04619217536701549,0.13816548220563726,0.2764343087485078,0
0.04366389881836924,0.015082966786984193,0.01574036808872158,0.02194178670597901,-1.3218208273887135,0.05550007236033782,0.01913878457566309,0.01711307369940634,0.02900938599979955,-1.0792877317833953,0.09103660091272943,0.03907171503433764,0.02784963720574783,0.06405700546880194,-0.3912315405174578,0.114140676819638,0.046163316529332706,0.03939118933425282,0.07880437458517721,-0.2112641520104035,0.07126444586449407,0.02504368144567914,0.024528201890544468,0.041645515663600134,-0.7652283174415949,0.06883331085492897,0.026193003208665737,0.022806525216792658,0.042458062944612206,-0.7484444522924625,0.049560269289478036,0.0180882087773618,0.015581400692943064,0.026037977837475027,-1.1731502993833496,0.04392101105684228,0.015306916739315904,0.016268414911716995,0.022988785637750916,-1.2813327440951265,0
0.044981412830006166,0.014910465776531583,0.011274625252804378,0.02428855643006595,-1.2335613981130527,0.04705661312853192,0.014993259692645316,0.012825052219313564,0.023866549332564477,-1.2487855404225763,0.07844334821501905,0.03327143409099071,0.032262995035187654,0.05237741325699264,-0.5660767128312936,0.09086457144494332,0.03828053697801458,0.026701732520130556,0.061148614702869045,-0.43159155996657506,0.05222188147457663,0.0159469207933526,0.013334810195718916,0.025034878401131687,-1.2072738328138217,0.06876985703308275,0.025452208815433704,0.01598648189713168,0.042911581829756844,-0.7392157573544618,0.0504843382896388,0.017666422321030568,0.014971503475507375,0.024920084964239364,-1.2112657679966121,0.04127051997517056,0.012412576253723799,0.008053756220816173,0.019416565094811673,-1.4280199991927711,0
0.05257909307055772,0.01665498034129683,0.013859387743283208,0.027995637441754675,-1.1101840843312742,0.04158663809461326,0.013072858875043154,0.00971639716668564,0.01922047247121006,-1.4368366871122782,0.07155490982801166,0.0301000824493977,0.019311112080215437,0.043937111533979833,-0.7187018001919103,0.1040323051844879,0.048924017730161196,0.030651258094849462,0.07457094905517606,-0.25922546472729796,0.07645237031377226,0.04721620345307884,0.01294741482835044,0.061067026006676586,-0.4327512650779716,0.10055019091732226,0.04124310465938992,0.023336540775391223,0.07055055342871058,-0.3073639556117261,0.08903032744909144,0.04761452012156307,0.018631905964908883,0.08069565279901837,-0.1906645269434631,0.051674816394725556,0.015441731711891359,0.011267865020406038,0.025824732376249892,-1.1802931462288246,0
0.20726859839501885,0.19428657014284634,0.04107017689852067,0.2778662061044934,0.8833066573874333,0.09005857240219839,0.05686985718102039,0.015296829674312127,0.07713308456435161,-0.22988340697168555,0.18758333540319608,0.14441185308401322,0.040690365777461775,0.2289282107217479,0.7150338223744653,0.27725318547498956,0.20620515543285858,0.058240540892413574,0.33544010407292146,1.0468651628751493,0.22257367874378237,0.14961830802102324,0.0433547819801782,0.2554715097145214,0.8103201435493754,0.3515495359586688,0.2794278955639235,0.07343828876049499,0.47834105077532674,1.3551105010213191,0.4453608209161054,0.40480531652744783,0.09330826163302552,0.6692093728681056,1.6467592246187648,0.261009430623379,0.2626129463146104,0.0461788098338792,0.40403512423663585,1.208473437685486,0
0.4132565470362464,0.28908988847915074,0.14147536253754814,0.4675451797148619,1.3352823623528371,0.19887758619617585,0.11541488991887194,0.066191718556666,0.19133478992628972,0.5592230823709885,0.2600413298889161,0.16555201236890013,0.08228877070813924,0.2722301498276739,0.8655076389675916,0.36967981158286023,0.24954579825564388,0.16072746155345746,0.4079515523408285,1.2168523746971112,0.3127389723897371,0.2459575470120498,0.14017599042027937,0.3742545741969419,1.141969428720454,0.48829990652737226,0.348534224944685,0.1847099840824993,0.5895300655748406,1.5366471119509837,0.6699790360325747,0.48741408277071874,0.39234383869619904,0.8125871951710519,1.8153751433758507,0.4211081890205387,0.3178031859689679,0.22314974622097083,0.4903065942856947,1.3765706630912555,1
0.2779759430966542,0.2206114181972496,0.15201615067102786,0.3730501386064681,1.13916960597235,0.15781149701748076,0.1026944323260319,0.0659364625354665,0.17583701522893982,0.48585580089146957,0.13681155036651124,0.08576734266511181,0.09740290266848692,0.14089813838783402,0.29344570468805614,0.1924998688607866,0.1493813694311814,0.15349947392927432,0.23919201589966388,0.7531285526835647,0.2484420184380801,0.23441933321782413,0.07338290658769403,0.33949287647221726,1.0572965265506797,0.2872802325609393,0.22674016546032363,0.2637734555100891,0.3217034783244643,1.010546707815568,0.3206456793900662,0.2764070022307019,0.34084149655622586,0.43484853655871825,1.2723112202704987,0.1983226529093922,0.1797172988103319,0.1769441270726969,0.23736557942879732,0.746470678190687,1
0.07739825996844131,0.05292264597305578,0.059288392110013424,0.0854837406098714,-0.140597769745423,0.0578785441217703,0.022363875110563286,0.027002816331973593,0.03304675911195519,-0.966107055901865,0.07472856788699668,0.02919412594082898,0.023489728782065886,0.04632717902183059,-0.6726930939472542,0.09343237294940104,0.04274351967784234,0.036659718153426446,0.07269416965231476,-0.28136564501494044,0.13441578020477038,0.12312092861512589,0.13330343784691764,0.15047553531843216,0.3505669886118411,0.15270958315355393,0.09281429432315064,0.11008158925500287,0.14843657162373636,0.3387170247534177,0.07907368897671413,0.028290583324421453,0.033018709653372176,0.048955996348015604,-0.6247530179714335,0.042485729648414766,0.014118311911491668,0.013585338901519459,0.02106930342370861,-1.3570644502982898,0
0.1899920693152864,0.19736928266956288,0.20214036694639795,0.2912068237464132,0.9240382894557262,0.06799107359619808,0.030624876600993892,0.031206923229692964,0.046637215637860115,-0.6668995773554843,0.0914712112646894,0.04580476503936944,0.04605191257993997,0.07206623346433007,-0.28890115682689016,0.20657376169662583,0.16458298090519416,0.20110777507064892,0.26055182855685216,0.8274234453955803,0.4505244349499282,0.36243371870201846,0.3704669276833495,0.5915316943048727,1.5395912328228336,0.23408554148438698,0.2039340948623165,0.20861460462957518,0.29550433659364406,0.9367629118670928,0.27139810970128003,0.24265995849585623,0.2950391602191311,0.41308685920363897,1.227717954116835,0.30009329857268724,0.2834431521383907,0.3519447208770001,0.4498098011999139,1.3016930232559287,0
0.05660737073083603,0.01913995815828367,0.02187221754506902,0.03210571326535785,-0.9912001599799274,0.037018529865918665,0.011504528344865494,0.01174856862412792,0.017396106181583375,-1.5234607057447789,0.04523789092182179,0.018093974914627258,0.020713624955894728,0.027751379494651982,-1.1177956526814992,0.05679030664442074,0.022842768536487822,0.025818917489372085,0.036592140290094756,-0.8775891807996428,0.1327254251149689,0.05031597070268776,0.0714091519919938,0.08828252525350597,-0.11261531075086087,0.053574619991072166,0.02025910363220191,0.0253374321875632,0.03452287426040298,-0.9281509124593574,0.04932946027929975,0.01622762996828584,0.015885955704263315,0.024581420592639354,-1.2231508499519763,0.05466838718064293,0.017207532208682,0.014791613880873442,0.028326832407125285,-1.099968779200915,0
0.060796089884457616,0.03231952102333818,0.012349103185605257,0.03886782046157685,-0.8251844294678978,0.038132075948892376,0.014228663940677469,0.00892728494727181,0.020340385764906196,-1.3876464348778315,0.045980537533276085,0.020650223961762387,0.012110913641027876,0.029692274374607253,-1.0590778753157246,0.0725749104850214,0.040767008357993156,0.01507994633649028,0.06878022288979074,-0.3294376476689212,0.15974266932136036,0.1458323906872779,0.030686712306515145,0.22199241475632372,0.688311465248809,0.08961847113064303,0.06698551051765818,0.01684383187084619,0.09551073971694206,-0.04426038814988831,0.0812183235411772,0.0566647375875677,0.017833163188342473,0.08291145599293977,-0.16713572184635941,0.10443708224844643,0.0827031710752505,0.018081091212501198,0.12790402744535365,0.2094036341374247,0
0.21934686774421394,0.1813948021935317,0.04184532175664566,0.2876214950530675,0.9132778734163178,0.0775676462633817,0.03896222544609977,0.011248637879220353,0.06254998916028054,-0.4119103278673377,0.09209814283358003,0.04423933579202769,0.0128318871224199,0.06705359739797549,-0.3515206403357893,0.23046585814253484,0.15925318623927429,0.031379043544052666,0.24779074025248934,0.7838053407891313,0.5503415097375737,0.47901003027696054,0.1036372277589537,0.7811591610125181,1.7811142552000885,0.24525044986855205,0.1813994511382686,0.05445704290845083,0.2670181307670425,0.8487166972873316,0.28352033474185223,0.2345542700735814,0.04174107855530276,0.3744709769829867,1.142471522115379,0.42711819471783397,0.36692226829546337,0.07712477645712905,0.5749294543374495,1.5148643119018343,2
0.24368674943680707,0.2083213003611198,0.18303938945947376,0.3353321639656416,1.0465856176667023,0.08955894733346145,0.0434827058138997,0.0451049648889386,0.06907469169492743,-0.32572689504013524,0.12299311759331602,0.0544235685887949,0.04951097952232281,0.08704044414643734,-0.12492260848250457,0.3008328949185757,0.18461142802252253,0.1499471326077961,0.29879652349673375,0.9463862748938556,0.6128668444226848,0.5169936186337807,0.5500798541754354,0.8355330057352787,1.8395624152660162,0.27207828170140735,0.207555600433051,0.12730903645271138,0.32126893112742816,1.0093726513505714,0.31251810662406515,0.2514433171850331,0.2540874313270954,0.4057407524402219,1.2121324551186723,0.4521119688662714,0.3822796491949888,0.3698476492381533,0.5982371208753393,1.549381909985953,2
0.06883800116144521,0.10724006231580684,0.08490523553841772,0.1171598959209839,0.13319314900584148,0.0533985957416382,0.02447327663670194,0.02749396948854956,0.037219770023945296,-0.8628174346931304,0.07746114675212795,0.037667322438705235,0.04218096994585949,0.06278440570649382,-0.40866122992241316,0.15848654167351778,0.10242741101254149,0.14240858228855335,0.18452113807043236,0.5277274436798994,0.2269919900402544,0.2434139080744014,0.3033948904819357,0.38036555561704194,1.1560375587479417,0.11584032067277944,0.12103264254991754,0.12769166683482192,0.20327668025074705,0.6118103137101714,0.11171395013086999,0.10678462185490548,0.13002480515625045,0.1777868305607928,0.4954343701088744,0.1281496474267152,0.1351070710161529,0.1594965932785392,0.21931710290671882,0.6777801953752091,0
0.039131369226609605,0.012060675246164828,0.008396839615083022,0.019392439048534854,-1.429099935186926,0.03868272876106373,0.011995125406172135,0.010128448890422546,0.017947997141316282,-1.4963328220256702,0.04148872608529766,0.01244897498542459,0.009911879788986926,0.018846801268312046,-1.4538895031520607,0.07150769616591277,0.020412772698129182,0.02115576927518708,0.03735285402532048,-0.8597172241521538,0.08414350323592029,0.028409094204282774,0.0336164337623348,0.05041918182117764,-0.5991732176613346,0.04050027497865024,0.012407118827037877,0.009799537989824915,0.01838248919951768,-1.4755561664471397,0.047827497954228505,0.016005260417145412,0.01327647109654809,0.02416577135537021,-1.2379634812273754,0.04650155609004176,0.015209195789514046,0.011544309124123018,0.023578517721197272,-1.259331806576335,0
0.08710090615552689,0.050614529653020254,0.01883938894365813,0.08009393522092091,-0.19716554101939401,0.06384283004400614,0.029643655455056542,0.013696605340238357,0.047382591620887454,-0.6531271833056419,0.08094554977915569,0.04063009725169469,0.016820831953001367,0.06771414333621871,-0.3430060284056499,0.16275343611548537,0.13467657544323408,0.031383090766283955,0.21949468788031778,0.6784832227772308,0.2659678225394968,0.31811469301372025,0.06293148379813635,0.5057783383204851,1.4035556451309912,0.12287145874869586,0.10102161681784882,0.025118127885031438,0.1680242741226893,0.44637925038262416,0.13666300233011278,0.12189449991832423,0.030726768068706972,0.19317614121700757,0.5675421677663279,0.1847459192518638,0.1851218080090486,0.037462569368829,0.31459315662205817,0.9911337368707317,0
0.1771197055841689,0.1026506705840758,0.024485828645427973,0.17439013471420917,0.47867902092407716,0.08660714952997915,0.036789894057700945,0.011424334077351913,0.059562387523724045,-0.4544206096600053,0.12065928503692051,0.055842178395154034,0.018410698335327512,0.0936102118763498,-0.0617183489596524,0.324024584948364,0.22665986059393586,0.06064796629537088,0.36609452570460405,1.1228216642477575,0.5971686853005357,0.518558475346245,0.09468864455440715,0.8242328090175893,1.8277349903003428,0.27168157406858845,0.20353860722497866,0.034257648342537333,0.318757482697189,1.0025559714797285,0.3284602484629429,0.26732464513706794,0.048101358010317063,0.39869193533169306,1.1969100964396842,0.4536128471536334,0.3674299477553514,0.06635488633102943,0.5991564012816369,1.5507156018051533,2
0.13405868075147037,0.09051786036465656,0.1022538941467313,0.15594903225592763,0.38160056275868026,0.0644687331359606,0.0252580460761072,0.027842718032049674,0.04068989049764365,-0.7853917631907485,0.0859215234428519,0.0417135675594165,0.046904337889426724,0.06863361092830458,-0.3312911085104112,0.2256478387603452,0.1836072419126601,0.1918709461794107,0.28595685668784915,0.9082362236823625,0.3943420650156524,0.4100720405050923,0.5249559975170678,0.6384509819023308,1.6058903130461237,0.1893140510129062,0.17717119343614124,0.19409100770577517,0.27139456454071903,0.8628374854188186,0.2529035407589749,0.2387892242645289,0.26404560673131194,0.350334853807393,1.0846018869505478,0.332320539956649,0.31831211531432807,0.4093354881090469,0.5051048653270297,1.4023982981813665,0
0.04097411466823757,0.012983162066756681,0.013807696950030177,0.021987132125040876,-1.320027633037766,0.04201674133319806,0.012523602811964824,0.00952377770680441,0.01942872483325954,-1.42747621048721,0.04804856353276314,0.01690431460076946,0.01659610165438632,0.02557977125477076,-1.188571492375585,0.05867885922861614,0.019509417184450022,0.023356578439401775,0.031617324855599434,-1.00451456248332,0.05239722156124921,0.016795396020384403,0.013445953719875017,0.02690710461526567,-1.1446308708385742,0.04133460618986253,0.012712235481331543,0.0098730229536941,0.019649941660497328,-1.4176422747644648,0.05506364097256215,0.018728217704503943,0.020267301450701186,0.02979077395748967,-1.0562012329367318,0.06545432960211653,0.022829353824653443,0.027642986677794665,0.03864176436957875,-0.8302509095388133,0
0.035205771976242695,0.01006030950566752,0.006923886180149181,0.01601973311577511,-1.5950542522320617,0.03794046635811227,0.011505428186807576,0.0104531400032088,0.01702377684598456,-1.5422529698859713,0.04516226669670403,0.013370134015341721,0.010762092385912428,0.02007141510591218,-1.3992088196677697,0.04436615090371381,0.01310385383540102,0.012840017939843754,0.020259069066843608,-1.3911258353402804,0.04206781106976059,0.013054265474318328,0.01248962467586421,0.020131209378686787,-1.3966250737360755,0.036489126547584586,0.011777526633545263,0.01072309085382078,0.017797561013491385,-1.503643824487818,0.0408791391975316,0.012768871969081262,0.011929967849061274,0.01983159689367991,-1.4096494330492844,0.0402166947704074,0.011861971432029904,0.009217311404782338,0.019101480906758124,-1.4422307280063198,0
0.03324963168615153,0.009453125963941642,0.008790300074616966,0.01486697479157622,-1.6599195953240513,0.037057220265897244,0.010806140363591892,0.008774228991613411,0.01666695129602843,-1.5606524727410538,0.042638237641957025,0.01242608342591053,0.010931171185969986,0.02066578382880668,-1.3738610409872531,0.04213402138366451,0.013128361313466013,0.00873714702785472,0.01992329365795467,-1.4056425328864923,0.036791366490522566,0.010866948827659479,0.009453135075161219,0.01575663736686316,-1.6094377253941636,0.03415158808020976,0.011863842724637957,0.007653398692787344,0.016373650053077508,-1.5760737970722707,0.037235472698146435,0.01147495544492241,0.009727124827288222,0.017647856436397793,-1.5109808810685423,0.03655188345415384,0.010977340491958346,0.009530499072099572,0.017551810903398357,-1.5157209427412037,0
0.03701004485814311,0.011001539990653638,0.005787845390877928,0.017491595475713898,-1.518705955490692,0.03930825695265501,0.011723861933771366,0.009671142495206193,0.017879195894232234,-1.499668839855207,0.03790921280096981,0.011431040987188973,0.010234893364943353,0.018441190546202555,-1.472786894857055,0.04118845047768547,0.013294515495542747,0.012257046551917521,0.01992764409159197,-1.4054528892357512,0.03685709020578514,0.011604195301573078,0.008731593444543346,0.016686155394335895,-1.55965223789949,0.03352567232847447,0.01105292032078568,0.00809125708265349,0.015619598645106989,-1.617025064944055,0.03642067034994411,0.010745700908905685,0.008217029690914564,0.01664126173380286,-1.5619923029287992,0.03573590845964903,0.010610452040049949,0.007975027772131889,0.016523004933721608,-1.5681867403225627,0
0.04143855501549329,0.012821677582173516,0.011323525686254195,0.01962844446661027,-1.418593038228475,0.0388103401237261,0.011545454095940365,0.009086313790405717,0.01744496710650553,-1.521024495607376,0.034637925501263406,0.010616232019622859,0.009334114016487996,0.01531420834476754,-1.6341757029390627,0.036441806546853986,0.011024399465641033,0.011072987288350107,0.01648981557764431,-1.5699332083716657,0.03918751158557071,0.012354931281393242,0.008014754951138266,0.01851818294165853,-1.469168065022284,0.0362813424654498,0.010215411923642973,0.00828981511803138,0.015996658488763187,-1.5963062590218493,0.03543020649442433,0.010678521019886655,0.009457317394160189,0.01620284046582157,-1.5851824935397814,0.038365908471586364,0.010956916081515593,0.009335656441309686,0.0172435581956516,-1.5311110312313494,0
0.03233353670443945,0.010627962778926463,0.009770417974830666,0.015093289151702122,-1.6467970210431895,0.03645698104597792,0.010592955361970685,0.008399347966032476,0.01682764875713838,-1.5523179285471664,0.037288181770819356,0.011334434156115018,0.007490883751445147,0.01698368588130146,-1.5443009077685008,0.03387586855713486,0.010747687332639198,0.00726978151099974,0.015479777845889494,-1.624835357953745,0.03824268734645106,0.0116385866638674,0.009512847323672434,0.018098147257448193,-1.489096570255385,0.0392553305505357,0.011205250524702023,0.007985745346462427,0.017275606999651368,-1.5294981738346893,0.036881069655366756,0.011999017424268336,0.008464793535823283,0.016870715193237393,-1.5500978177117233,0.04036300441034551,0.01175766418644773,0.008390184609035973,0.01874312133708785,-1.4586809720435212,0
0.23033754870420417,0.15386164863357965,0.16952958500326537,0.24647472640598964,0.7791799810114887,0.08555578896926778,0.03423431012878536,0.03424604106462016,0.05358728313773847,-0.5462413274487794,0.14344144691568958,0.06473674414059807,0.059645458507878765,0.11255022823395125,0.09832795463260197,0.40033643625089077,0.27284700376623,0.24792153443725679,0.4638440506271148,1.3283791758096455,0.2776671635104264,0.16083025652992294,0.15824990598044153,0.25777297309857433,0.8181099558575896,0.23739560782492816,0.1612252040661846,0.1645224524365654,0.2500436226414343,0.7916667592999052,0.20969486409112903,0.18058192080863794,0.2213177478661366,0.22524175152132914,0.7009329862694524,0.2738471317045051,0.19095368518456532,0.1704761440348711,0.2884091365251683,0.9156532231945061,3
0.09167583097592825,0.06119604216759406,0.0727542046618575,0.09272230898520194,-0.06999632948606006,0.0600507938884362,0.021875494868093696,0.023497658899472685,0.03353057633026866,-0.9534827689352459,0.08511189811072692,0.037408870034264026,0.04041865127828026,0.06009520817884782,-0.4466851174519266,0.2097261718064695,0.1429317404980272,0.18445792193694718,0.24935083369740793,0.789256843813621,0.20420484131702035,0.15310709435242717,0.10920428102859908,0.22993039196107187,0.7188279539141,0.12268067471138695,0.07876278377215838,0.11271660111186455,0.11464305683224518,0.11433070966358222,0.10336485710810908,0.058408021688548216,0.07024408252159453,0.10348672147538937,0.025404451479600878,0.1245612111584811,0.08900027914156429,0.10762183819062365,0.11929166877496206,0.14885542256849926,0
0.05570278115974588,0.021372849223005006,0.025619993873386312,0.0345777717589861,-0.9267707988370192,0.046755498533078116,0.015126559264314873,0.01778725962282784,0.024160940511237787,-1.2381371333444429,0.049451073804739155,0.01806371937805802,0.0215349820800574,0.029525772411651406,-1.0639622697336255,0.09147956245757455,0.039198556330366764,0.042590490038245665,0.06657497630990743,-0.3577427642598257,0.14734703135994587,0.1325686401996003,0.16839214327276347,0.19702206421891438,0.584664924402402,0.060252040490434665,0.02413085770646245,0.027965170287554103,0.039127419420185335,-0.8194023939624875,0.05776079427482775,0.022770994557714093,0.022870000600320326,0.033852009576024064,-0.9451958952908185,0.06226938228360712,0.02428347696719355,0.026637032503217098,0.03890913784427,-0.8242615899334584,0
0.19567749311748123,0.17708143270117097,0.03339895542669266,0.29006801143927136,0.9206348699112065,0.07047252288677122,0.03188033078826947,0.011974163317041302,0.04456383443234736,-0.7063997013419934,0.0795612283154548,0.04471184583921808,0.013702713627063655,0.0741237776786244,-0.26444971580939186,0.2367719567548684,0.16941915221552548,0.04658981482096265,0.2762970781940541,0.8783877792629371,0.1915442515493439,0.126539634396688,0.03813079341834347,0.2120569419345102,0.6485401829402799,0.15517854550094665,0.10702213145446893,0.02146743460268086,0.1877475389643833,0.5427837003713393,0.15830804606914795,0.13502271094470486,0.020512362485143095,0.2040419911665056,0.6150743005793902,0.1887273508108801,0.150341194503342,0.03427454307680529,0.23957026622970165,0.7545010255906786,0
0.25566132051328755,0.18975997141871032,0.1277994761530198,0.30555623406083426,0.965817492133565,0.09180956664474967,0.04014115788059141,0.02679088361160352,0.06174359951750235,-0.42318091678762626,0.11936587617058252,0.05602068353687337,0.029448314287254567,0.09486253847338438,-0.050175321459913484,0.3560025748943454,0.23149614258584664,0.12901813113507854,0.3869466945210734,1.1709374767291099,0.24065516456449132,0.14640250236350433,0.12215754790094246,0.24229569305177043,0.7643265833308841,0.2177673448977153,0.12463331092011944,0.09404154906217581,0.21943739998014675,0.6782564923125098,0.203044092719518,0.14500691084809883,0.1391929108443198,0.22104535959883617,0.6845979990006054,0.28690488429142524,0.19415805125671434,0.07788214410445288,0.3082352244546747,0.9733997295022666,3
0.12499862782899046,0.07290215404562787,0.0861984013982176,0.10458648290040816,0.034586311631328324,0.069061718092823,0.029099564615165375,0.032138302863589104,0.049615400115565166,-0.6131318093925842,0.08583548682001396,0.0380054606820929,0.0471849806234049,0.06425606567225978,-0.3885365440836859,0.19942784518107462,0.16299305941250666,0.20660466343323083,0.2765436938101861,0.8791627134846183,0.22570108232692965,0.19603720636195068,0.08657302919370247,0.3211868708168772,1.0091507631513115,0.1219288113295386,0.07052314831382885,0.07640132732566647,0.12035626190951701,0.15657257604237504,0.10006374450506553,0.05682796365777863,0.07280726805507952,0.09004127723550871,-0.09548151172373223,0.1536177342638725,0.12485265752298795,0.1709061412501799,0.19672727434799442,0.5833643443059632,0
0.061458985279072335,0.02477567827982339,0.028481594884726964,0.04000985310456582,-0.8000308916468849,0.04555898965682844,0.015612948815085424,0.01574722612370238,0.02429427932190159,-1.233356764495622,0.04567909787876782,0.017892944395823833,0.019068227161098104,0.02630231462128526,-1.1643768686495313,0.06030443078114572,0.03746819821724682,0.0480396426776015,0.04636161797419311,-0.6720476374024904,0.14999952862621224,0.18073775516121565,0.2027771410038773,0.29708584625724127,0.9413991179369482,0.05208858505147412,0.02913945703862031,0.03290644824615228,0.03797717718667466,-0.8453194437268767,0.04920921744579372,0.016559721122852786,0.01642194723494662,0.02587813021605142,-1.178499017683216,0.05047961485693187,0.020878056791631808,0.02259820359664203,0.03081449873192157,-1.026854590734003,0
0.06957544872597918,0.019264336222605687,0.010770628931051662,0.03561173395633675,-0.9011785649151924,0.04693782149176215,0.013604516488401629,0.00992044989704309,0.022725749040275574,-1.2913283924661594,0.03660192326860314,0.012801846608192023,0.010194344835051787,0.01754278590487913,-1.5161676789911054,0.06003739007689261,0.019562836991878562,0.011384814699993261,0.03249353449493831,-0.9807708965223154,0.05408830368236849,0.023902577698624562,0.012833803525992006,0.03497376909621753,-0.9168799285745088,0.05801271546911642,0.040788203363117594,0.011377569767189786,0.05462348063398077,-0.5296060651326345,0.07007746974845795,0.03330357918819866,0.012889755053689899,0.05400810638998449,-0.5394469044152341,0.048926231717086675,0.018291670854242954,0.0110533034302076,0.025121332351039298,-1.2042794670110115,0
0.23864887155935818,0.19805512872955128,0.051077161617110664,0.31621606777588285,0.9956030622169407,0.0833196347468121,0.04212608758092163,0.013838722646173003,0.06137229803479788,-0.4284200346323175,0.10252463469937723,0.05432143720988537,0.01803779789348854,0.08985058463823428,-0.09732299077439016,0.2823566087617223,0.22681545643525045,0.05292347943604418,0.37231919657358853,1.1374660521595161,0.17719654642104074,0.12340556474603127,0.0236337804679683,0.20424895974917492,0.6159549012478898,0.22490160335355724,0.17015192220555575,0.027491705479420574,0.27376150952291745,0.8703799684105503,0.24892244469823469,0.21012069985260093,0.028748853416802996,0.34434236659399314,1.0696161145118885,0.2052873473614092,0.19721934772871716,0.040913133962081176,0.3213552562871075,1.009606010389698,3
0.3080797656936433,0.22097711378256768,0.1741068061807865,0.3509829081676693,1.086207130838598,0.09586294319872668,0.04684459731280011,0.04019851686357578,0.07116691396659616,-0.2998085378299992,0.1257596283670976,0.058995527475276456,0.037304454222336914,0.09739404327647766,-0.027300013847793007,0.36187538865180835,0.24439247198049566,0.1489862229941857,0.40228763306706533,1.2047085584063146,0.246635968867693,0.14435705047998576,0.1412949502106552,0.23237104118433183,0.7279992024688536,0.2493261293830085,0.1720447399410653,0.1849941549035209,0.28031464447843285,0.8909267689981626,0.27724079452842654,0.21300886708601843,0.2612287482917517,0.3496444192039486,1.0828883960104836,0.31638061482818197,0.2244844341234288,0.12951688791053603,0.37575716242531754,1.1454497297203448,3
0.150258893465204,0.10282644114623571,0.12189417699139155,0.15818428255619937,0.39396185281691964,0.06336299390195163,0.025716370595193647,0.028756095720793785,0.04437473307982488,-0.710093297943543,0.06581831469728155,0.027730986775797342,0.0357603722866472,0.043280324813613255,-0.7317837825256391,0.15299413560064073,0.09924217201968587,0.12529481230435832,0.15138750174178778,0.35581523886716027,0.2146670751808557,0.17131515757574467,0.07779115779996489,0.28091738414982004,0.892792425985607,0.09223994408637572,0.05189523692760656,0.06175771689971452,0.0799998812732289,-0.198186120479058,0.10434199705185927,0.04925955050241706,0.04606977878228689,0.08465560727850381,-0.14905334644375987,0.17278496577317107,0.10991408229604561,0.14706938458840033,0.19469593670021249,0.574348970394776,3
0.05283994057178536,0.026983956776061156,0.03295127942992495,0.045013828730527235,-0.6976728970183772,0.04614897111322219,0.014273232064290304,0.015396415371321104,0.02345302440833634,-1.263967094314571,0.04198227088343314,0.014492589213030054,0.015988015667286953,0.022790081087823516,-1.288873064569417,0.05830864138356018,0.036874629523958986,0.03820921704468424,0.05767581856633412,-0.48237727144551595,0.14096384627753542,0.1530466353289107,0.16440610272531145,0.2572478801444475,0.8163388038737823,0.04691079109314421,0.02229541846551311,0.026623805032076616,0.03272985839940756,-0.9744765525920607,0.04477985049714236,0.01601052834232752,0.018485606115858116,0.025041077816890942,-1.2070587697558304,0.05324098312254167,0.020647276384595046,0.027220260471110713,0.03176582964173865,-1.0004444004547357,0
0.03526544608366069,0.010717029821985235,0.007182589655657992,0.015592666291277044,-1.6185240366565885,0.0385964327276391,0.01179935299417684,0.010417252438549143,0.01790593784327089,-1.4983706602088849,0.03668264134376119,0.011595250153801584,0.008491823847290619,0.0166532908548541,-1.5613646709931428,0.03973640289811749,0.012153010297996248,0.00973732392998359,0.01859339041334745,-1.4656476284886573,0.04696034561058604,0.01598497442790014,0.01751902856062433,0.023340350530980755,-1.2681500572084663,0.03560940431545576,0.011023927363767793,0.00807387213832789,0.01601514698938772,-1.5953029473282099,0.04055376445507093,0.011627980743530095,0.010467041571886168,0.01847641097573334,-1.4711295777827529,0.03749778102786928,0.01150507960268979,0.009930854536765846,0.017597497102904387,-1.5134630006486385,0
0.03507773186842144,0.010762737105889061,0.009067335458265878,0.01465072122896307,-1.6726467958789923,0.037587210958105584,0.01145712579434771,0.008251075423320191,0.017418392845735448,-1.52234864302909,0.03605830081428912,0.011011409912703444,0.009927875555131908,0.016875708598827123,-1.5498407702067536,0.03598623348448862,0.010924764196106336,0.008536755621211645,0.0167142434280367,-1.5581913594250483,0.03884959122063187,0.012198664183471104,0.011021715667026723,0.017804825918220843,-1.5032893417296365,0.03782518656078759,0.010718106890218257,0.00896164718464466,0.01640915315083215,-1.5741924685748432,0.03897677333237146,0.01112369829064313,0.008406018111466565,0.017154546985509923,-1.5356062978714615,0.03895103682547719,0.011972124725783193,0.009859205833253188,0.018035813591097332,-1.4920933293762504,0
0.035264068961679176,0.010449556452519826,0.008972349857257528,0.015326371326285396,-1.6334861185916567,0.03902881525579741,0.011716833872860257,0.010503459814935487,0.018272770917282508,-1.4807559862487132,0.036681464956456966,0.01222336169159383,0.008044705473780674,0.017008382942120537,-1.543038754626133,0.035183256924980734,0.011418941155303258,0.009194281979636116,0.017238083833454616,-1.531386828458414,0.0352616989343302,0.010565798921105766,0.008582487565953933,0.01559714956997969,-1.6182743316601287,0.03987426705444291,0.011059007220551597,0.007944329300922998,0.01761595408123682,-1.5125524662582979,0.0395083096609623,0.011431094071460937,0.010167983484125414,0.017500160016107498,-1.5182807658818858,0.03794987984686002,0.011631832451975183,0.010751495219502806,0.01722902414838626,-1.5318434459762695,0
0.03579719449715795,0.010949542158543848,0.008298882183425995,0.01745864131231293,-1.5203439204233855,0.03862560344891032,0.011350767268000434,0.010093897732447002,0.01762433272837504,-1.5121394389403116,0.037338444747472825,0.012677892438051412,0.008772561044037975,0.01645682493083578,-1.571672707201397,0.03994922692196087,0.012391843848502608,0.010022015478167494,0.019267334540797976,-1.4347215291056348,0.03657052751526561,0.01120343997248365,0.00791266490335072,0.017037886759213878,-1.5415333505652988,0.03657954838372056,0.011190749710434968,0.009500259894647535,0.01692037035062163,-1.547545076238628,0.039627594282845326,0.012003963447584939,0.010324265422572788,0.018303339453251,-1.4793041370009457,0.03900405440014423,0.012150121476351911,0.00996943470482699,0.018145010198966395,-1.486850372111765,0
0.19012221284288836,0.11767138592964622,0.07460738835859415,0.1931136293658491,0.5672610466565692,0.09101495752281073,0.03492640539375305,0.036709710525027556,0.05817048422499118,-0.47495944743382557,0.13522701611614096,0.06174965214739205,0.053356866032222075,0.1053214187950368,0.04066859639050916,0.3494043004202454,0.26779306118086643,0.251458030250463,0.4444384579914525,1.2912584588202785,0.3872948605849264,0.2774463321120075,0.2196116548506586,0.4742576691459373,1.3476639196476017,0.18466982539115798,0.12225742946592597,0.10849231683272251,0.2046407343408347,0.6176193657509933,0.19899290575230827,0.10364642901465485,0.1055774483468213,0.17301404492916658,0.4717979140071761,0.31707266103829007,0.24180424969872702,0.23871215064198015,0.3925818356607174,1.1834955973781216,3
0.0822085303220031,0.05219025631902384,0.05419513438505898,0.08289252112171928,-0.16733410816411745,0.05438063998629063,0.020451094857210382,0.0175775397888718,0.03235664095325293,-0.9844379458499317,0.06266045915815922,0.027321183809842116,0.026164044140219625,0.04385381470057584,-0.720350050985675,0.10157329902228242,0.07322550282493433,0.08720126360900955,0.10811502997492622,0.06340734071760057,0.23944206065662843,0.22205138019222667,0.0795813651859469,0.3769940869227734,1.14830427147094,0.08127750065502039,0.04454792085873909,0.039494596788745985,0.07095748641546991,-0.3023683599407342,0.09498855398909731,0.050071014031473064,0.0657459934484545,0.08184571137502201,-0.17837294981756677,0.11803716054535546,0.11006907741796446,0.11421249473203565,0.17815574817423227,0.4972348733443565,0
0.06265423132846518,0.020042731710176457,0.013948279513439722,0.034986792839185286,-0.9165565383893252,0.039337632204362594,0.011779229221731875,0.009997270900181945,0.017768253650083724,-1.5050753147217266,0.041306001895548,0.013188089334180067,0.010865750320077678,0.019582838050815458,-1.4206135407347793,0.05562053927649215,0.02025973602337438,0.014662791149485807,0.028955294645239587,-1.0809088281725505,0.07777590471981713,0.030829958069476575,0.03201809115755128,0.04632052580506823,-0.6728178441647437,0.05696134363658001,0.020854447153709894,0.015824783878963508,0.03108349718084713,-1.019305055356985,0.0737364812719516,0.023788792063513833,0.01468802353075598,0.0429025165066279,-0.7393992712479845,0.05442914077929687,0.018976142869901392,0.014049222111946893,0.02820557810353658,-1.103694794435949,0
0.2747696298327817,0.25044011657054416,0.06858833603759895,0.40881361343269973,1.2186858932161357,0.078811413628353,0.03599972157765878,0.01607609999136559,0.05887971597390294,-0.4644333926642236,0.08917923620756522,0.04897767823019061,0.018931352248629133,0.08378066134787258,-0.1580772368565116,0.2599722871954765,0.21263557208371073,0.05475904249138346,0.37497619467310794,1.1436425895182025,0.22283170443059203,0.17321518253992216,0.03398373272324143,0.28275735816224135,0.8984630252774413,0.20639875328523832,0.1602596028454625,0.029422714719094703,0.26059994950600074,0.8275838490523902,0.2179608680206696,0.1589620229401612,0.030055539808363885,0.2757503762663333,0.8766674220280319,0.1924332409639054,0.14913665758679034,0.03980901289577696,0.226195828964326,0.7046043792027844,0
0.38688289512678464,0.27809878681749917,0.12320154880620486,0.4571988262955424,1.315845408236411,0.10595888133331663,0.04500450738073262,0.02473306364295429,0.07434749451895196,-0.2618321302965381,0.14914686235685082,0.0676446872864641,0.0259087641849431,0.11831015971011864,0.14167927584980466,0.5243930752982832,0.32878215507185543,0.1440833569068511,0.5874894385927927,1.5336353218396526,0.34742587539880343,0.21970541373403457,0.17063064895194738,0.3587568673311267,1.1052356407880923,0.25964759838131,0.17800171950303886,0.14252571305516615,0.28435364276726044,0.9033527870718762,0.28920515965597,0.18275042936015035,0.18391207238422458,0.3124988673558564,0.9853320897849831,0.350647275195977,0.21950045172136595,0.08783019416432986,0.35039157245471475,1.084742498719612,3
0.18587899964841423,0.1235118233452072,0.15271591178182356,0.2084861465630481,0.6337895993455468,0.07555820846906744,0.031330226060698754,0.037517884151102125,0.05061262265809258,-0.5958471208490373,0.10652433996325184,0.04986527708046579,0.06308817605023187,0.08520417533116183,-0.14344305063775695,0.3268884801911505,0.25278807449055873,0.3247826832258843,0.44440601927047135,1.2911950598437927,0.24542941805710197,0.16441129877205302,0.20906479851163062,0.26939854157709786,0.8564256751685649,0.12055782994823794,0.08181227337754514,0.09323153037969455,0.12080284973629218,0.15978955340202577,0.14716240411538886,0.09450349879934171,0.1024710610647247,0.15424483724227103,0.3720564677913628,0.22650620904860888,0.16328186379312593,0.22912454946345778,0.2704958596651427,0.8599564385596719,0
0.05748682169218285,0.0221411162107372,0.014389601473370556,0.03676278506869552,-0.873547995069571,0.04683559850461487,0.015571798756807573,0.014427959972340181,0.023979364447703738,-1.244689468770284,0.04854296005031994,0.01729536031465257,0.015583521466517196,0.027989719274865273,-1.110367720009127,0.06184926851744076,0.028959072435688394,0.0247060653598812,0.04306693989735497,-0.7360767768949851,0.10810022141299046,0.09241792285817173,0.03284675424944765,0.15216420152898794,0.3602601774285903,0.05106188086656319,0.020914014383587753,0.01810344138488126,0.033101524314857536,-0.9646688186794963,0.051164591674590164,0.02043928309130049,0.018944462132074638,0.0333894914943251,-0.9571451953793791,0.0629451872946437,0.025759171553047754,0.025410848087925618,0.03889644397671084,-0.8245450079893275,0
0.05396458373535986,0.021846058913938704,0.01162308365339918,0.03323560614344516,-0.9611575979091982,0.042598283629732184,0.013650469645537087,0.0095819293901832,0.019096328451458113,-1.4424650537916164,0.041649863368548215,0.014058128110876004,0.009160553345319698,0.0220550252146062,-1.317349688150875,0.07050881117537812,0.032162175965208,0.01203356062475407,0.05499930317456668,-0.5236504311178763,0.07219760827369447,0.030594823924096168,0.015732165168402482,0.05268279464545086,-0.5610271958713146,0.05539712205049284,0.022449442010740207,0.011527714810697389,0.031775890813831274,-1.0001693363534498,0.06853903403830541,0.040692093374110484,0.013315018802659381,0.057896713232479316,-0.4790569859100602,0.062092624957846926,0.02741199156765955,0.01562414594777658,0.0424962539468917,-0.7476635082146311,0
0.23232450617945996,0.18819629083858222,0.03869389798360155,0.30989781676389744,0.9780722278716503,0.08514886643155127,0.036138500645308776,0.012932464940164777,0.059366208404726006,-0.45728618073506,0.1032904989066751,0.05508355553748909,0.016105767002001174,0.09305237948293285,-0.06690983911810591,0.27361383660535804,0.20217919975985696,0.04677555441711383,0.3440162756866283,1.0687931743550427,0.23106978719862187,0.144868696115186,0.039307771192860594,0.25042217098972597,0.7929807471267797,0.2007302960933661,0.14257312338242467,0.031717430432424976,0.22114585582037413,0.6849928051721945,0.19756502396123587,0.1482488997134854,0.021928986979798202,0.24974098273314388,0.7906148272729828,0.18758477181457545,0.12577803804063703,0.027755195575852744,0.19405945615698458,0.5715048145083339,3
0.29042836977429753,0.2024221707985512,0.18918870895851003,0.3315595731038855,1.0367583381837653,0.09279197026082414,0.038988329012676785,0.03920339006641045,0.06451106443322614,-0.38509638976928307,0.13451538299512353,0.06357172770950927,0.05454211984719137,0.10646846108880662,0.05007714810691622,0.3770009398553124,0.2464578387652599,0.17165673101767007,0.39717226031480557,1.1935930115407847,0.2938316611412833,0.176012270535695,0.13110552160069328,0.29107654532754307,0.9236496182184868,0.22747535968969718,0.14630900054396592,0.15860353949542466,0.22852303745535474,0.7134951704588778,0.2530440587385065,0.15735857022230693,0.17702081905130015,0.2682906982187169,0.8528464260218471,0.30256214134028747,0.1732885830281548,0.1311324875145012,0.2859129185165547,0.9081027519991016,3
0.126156806691428,0.07971648652991649,0.09772124931133246,0.12620825633985153,0.19781072795658425,0.055385333152028635,0.02223759696567362,0.018510156752241925,0.03260525734436769,-0.9777895407535994,0.07436716824573696,0.0359925079692427,0.03405639206598168,0.053709744167401006,-0.5442586379424819,0.18542983108823566,0.14670290419421889,0.15529722836900947,0.19823916537945555,0.5900141157622126,0.20843774820945046,0.1387005116310445,0.1173601775543643,0.21581094606127152,0.6637821317644439,0.09670880724878173,0.04347940384013884,0.043855500911816774,0.07188205188717307,-0.29112387413353064,0.1287455523156468,0.0674594386360631,0.07932558914167964,0.11499462638934788,0.11699028775729571,0.18560301440134244,0.12315623213865481,0.15444589560258704,0.21542263535340236,0.6622178635762523,0
0.05733393942105292,0.022456710026705465,0.028024935399531114,0.03797970844289469,-0.8452615524323647,0.04483016420599466,0.01511375135462097,0.016454515432441252,0.023105827540897864,-1.276921750408477,0.04157397083852102,0.014861138514136223,0.015940924732519554,0.024184189070518943,-1.2373017464607048,0.06124618189619624,0.028911317683109145,0.033143598617143624,0.046212005526795906,-0.6748551721814984,0.13585089443456297,0.09281335614364634,0.09507903178718306,0.15173144600071925,0.3577863879352751,0.05246506805472371,0.020558782567639333,0.02342895186735307,0.03322446134597287,-0.9614489081213212,0.044809635635024596,0.01586074941843086,0.016236880562381043,0.0250965847311029,-1.2051355563331625,0.05411458605757352,0.021203116197747167,0.025541031168018983,0.03290106153550693,-0.9699449844827048,0
0.03857740009115423,0.01101896534541124,0.009810365953420962,0.017051308934450487,-1.5408493594269908,0.038162979806006476,0.011665010872716057,0.00869455577747185,0.01673092116762547,-1.5573250995681225,0.038769783527417175,0.011578461826536114,0.007144380503363171,0.017898656540048175,-1.4987239366426774,0.03947104439778982,0.01270170904713719,0.009822136925921182,0.019334456071336856,-1.431700887912933,0.057830099561900807,0.016392854970735792,0.015968864029383956,0.02914618935319724,-1.075201241315981,0.03443677567959422,0.010004687959884451,0.008498763038564994,0.014553164928972798,-1.6784499030585667,0.03910712708615266,0.01232085250764187,0.008960289032724698,0.01778292379295294,-1.5043584706769784,0.041359788440896245,0.012247038108216703,0.011163594262682841,0.018219452975218934,-1.4832941384391685,0
0.03603302539762105,0.011283721733842086,0.009377309901033117,0.016693040165218,-1.5592939287197098,0.03760778823580461,0.011604411767457731,0.009922798020422632,0.016806148790344932,-1.5534283970511327,0.03641635451898506,0.011405562076389432,0.010905556850609495,0.016761561390883625,-1.5557358613174952,0.03453970528570629,0.010768783633191644,0.008670033344971982,0.015595387040255355,-1.6183724906452537,0.04224555127277529,0.013081639478187771,0.010701110529683026,0.019826253806984512,-1.4098834823526314,0.0324158446357438,0.009509271844331903,0.006868091829315018,0.013742464500422222,-1.728235557865775,0.037186464909327095,0.011521643383167132,0.009810048271872167,0.01671163873264969,-1.5583267281588302,0.04014528548698459,0.011655245864718925,0.009330259900291052,0.017614677211121352,-1.5126154271108463,0
0.033971789351259954,0.010963724901020377,0.00881158541429044,0.015411596515176597,-1.6286695446019335,0.03989855797403912,0.011710804336508934,0.007470068092958627,0.01796595614368988,-1.4954641350037152,0.03604447345057626,0.010631110205966934,0.009211944691990043,0.015950949817861763,-1.59879170793586,0.03385618901395823,0.010423961857657408,0.008305318101962606,0.015333435479469285,-1.633085865214875,0.04222358994709421,0.013386303524301748,0.0116219119465698,0.02104166114356791,-1.358204760578989,0.0357574820525573,0.01032759565837593,0.009147449524624474,0.01590165296031345,-1.60148026314763,0.035877240135011666,0.010657777504422941,0.008606005880466288,0.0163015812245291,-1.5799053409158363,0.03847766844777995,0.012282911089660883,0.008035612932792747,0.01781828513935509,-1.5026329963882084,0
0.03870130462284865,0.012484421766115328,0.00918055550890742,0.019710810193116626,-1.4149558536301439,0.03928743038319934,0.012027902698682393,0.008577400934685899,0.018314221077980457,-1.4787879005674207,0.03986431320938105,0.011805836128283667,0.009593250389764673,0.01752551372655796,-1.5170232907453944,0.03665046976123783,0.011729705695839879,0.00808537390207818,0.016622206118824687,-1.5629874787025662,0.04045522510257543,0.012924539316014635,0.01109276396317963,0.019675873402637142,-1.4164967662345906,0.038923079501408935,0.011717702469749758,0.007561203287508519,0.01766677857289659,-1.5100500737416056,0.0384543981589952,0.01149520806337085,0.009331521949160244,0.01842571242939981,-1.4735162277350662,0.03458050113750888,0.011674325940763296,0.011066288088234056,0.015927297113167423,-1.6000806421784595,0
0.2272731303420031,0.17911344974209017,0.16636727253549777,0.2809429965182889,0.8928716151271443,0.0918606203716463,0.042132791180637216,0.03759295007278039,0.06822148293538856,-0.33652249447234217,0.11895566438540021,0.05507093498696056,0.06291091928466211,0.08626214066934164,-0.132724342731642,0.3513012746908625,0.23271223420414894,0.1594896443623544,0.40779304586775544,1.2165148254807552,0.6561311439594185,0.5268456405906461,0.49333801283544865,0.8559523595258917,1.860534381496739,0.3232915646408023,0.2377858474643364,0.15883597442727923,0.3452804831479106,1.071979256012849,0.3583672417341762,0.27846416576806077,0.2626096724191621,0.4525135924657692,1.306898452483176,0.5343750552209252,0.447965814492215,0.5060065768793609,0.7520083518430203,1.7480805224276315,3
0.07858609176627536,0.06659740657800546,0.07791919162394895,0.09807125947750567,-0.021281299900409785,0.04987575929787487,0.024120687141850974,0.029849105688586546,0.03396692811233816,-0.9422522612170202,0.059885351680947385,0.025347770299423557,0.03129086892159316,0.03995373406035038,-0.8012500563241053,0.160842869285051,0.11978042591701568,0.16239790030965998,0.21565617326128944,0.6631589836926325,0.27589567450629077,0.28732850495763906,0.39656069005969385,0.4714513916900593,1.3425090387590102,0.14634013466831453,0.13631646540927428,0.1731287978646949,0.20407221546141838,0.6152029532389729,0.13308354341686973,0.14561273108513703,0.1751836656034874,0.2469034018317831,0.7806893419510373,0.20463310946452634,0.22852943264693149,0.27680869235743255,0.40641635861802,1.2135775553272057,0
0.03534913765188411,0.00985118326797728,0.008893432747519385,0.015575193607537322,-1.6194978976726178,0.03937235488343929,0.011506814309591351,0.00962990580649511,0.017818787461870305,-1.5026085099890083,0.035380281657173794,0.010519406793648293,0.007948430580612781,0.014814552423816442,-1.6629877351207005,0.04867506953621208,0.014757449351823255,0.015082497427283254,0.02496450171198272,-1.2097190013633121,0.06618909312739894,0.02121917420463986,0.022034337717544213,0.03516718057705613,-0.9120897024853153,0.044284725954603366,0.013079391085741172,0.011123892742686907,0.021637809564878607,-1.333938216935898,0.039466214657021124,0.01234696863028833,0.010801134479701402,0.018367068412235985,-1.4762851181571848,0.05147213584276507,0.01577681137046165,0.015737343245325542,0.026259694987116274,-1.1657854507136263,0
0.03198642737812082,0.00953927496021908,0.008969741079584087,0.014782620499233056,-1.6648619498046318,0.041060946176576726,0.012550949309394047,0.010154119328576836,0.01919099283757755,-1.4381699187009067,0.03906259374216839,0.011483105502259667,0.010059484668240373,0.017613219810236207,-1.5126872952853578,0.04344057902551849,0.014115078889118709,0.011582044568001888,0.021156217907604614,-1.353488742255269,0.05738293778452242,0.01889385990111597,0.016093992053359877,0.02943554673460221,-1.0666205918215048,0.047004131756842094,0.01527085974164755,0.010621088653474052,0.024514003689958024,-1.225536311135157,0.039214767823686075,0.013212010563051766,0.009656562362690102,0.019076841011437744,-1.443351884884927,0.04693267853820411,0.014537460798087456,0.015017036500819078,0.023437620058119304,-1.2645377859408735,0
0.04705639183263632,0.02315221044960886,0.010873385903700919,0.03601398115563631,-0.8914225394243701,0.047555131367673045,0.01835864890044006,0.014258060018176621,0.028355802551000123,-1.0990809182375292,0.05812027316089897,0.024293902604947168,0.00975119445972812,0.03993327832853601,-0.801694875144025,0.08965482487917331,0.052749662652513574,0.017872949443529712,0.09230728783589597,-0.07389282389304598,0.17379806059684455,0.17782429727315255,0.037631526591703074,0.2733231671046569,0.8689880834442543,0.17761102791133973,0.1854758809999721,0.03918787049067217,0.2916671385045147,0.925410196343935,0.064275090147517,0.028837109933597036,0.01326921277670654,0.04939288187760766,-0.6170360728999909,0.10488389610830622,0.0862779453145359,0.013428270034775385,0.15047937705070605,0.35058916393524026,0
0.18399603584251353,0.12431393804168721,0.030350509502802856,0.22219281724726955,0.6890952256767745,0.07215152221962154,0.030364943111697643,0.01230569049747912,0.04920809057139044,-0.6202917786627725,0.1001522157235771,0.04478836320485807,0.015462968146504776,0.07354172829413497,-0.2712971415060282,0.207604672531367,0.12694922178286389,0.027019201792221774,0.21128499194949257,0.6453724930561275,0.5032630656671836,0.4092827725585041,0.08238358824891849,0.6597084566116945,1.6343392970202564,0.38902327385835406,0.2877706896725329,0.07506271284827862,0.46908312395825336,1.3381348121284264,0.19548900494973281,0.12218425094724124,0.02958991157163641,0.21605118044364402,0.6647484816338693,0.31826943337192787,0.2372202676635506,0.05042855866392941,0.4202287468328031,1.2426067108413132,3
0.24984178762509357,0.162447270776786,0.09309760496820839,0.2691419692120399,0.8555980459109568,0.09793310112953943,0.038357646120889266,0.023239151123128802,0.06302726998386905,-0.40530781312864406,0.12474676432855948,0.052943940505824405,0.04666706354835384,0.08875530033010605,-0.10797620960153051,0.2930338435331015,0.1638221347369736,0.15220234283503278,0.278390981381638,0.8849455185462177,0.6501686205632865,0.5157501914887495,0.4426836332976849,0.8220649199098651,1.8254474263815723,0.40030988341865203,0.2564584497017981,0.22099899953369706,0.42667319357028616,1.2558259115315167,0.27741001335134835,0.15671191951070676,0.1256485760767208,0.2727368663731476,0.8671228872777829,0.414772728427594,0.2766526903178071,0.2550014775713062,0.4927392204571774,1.3808694587869736,3
0.12397714295489977,0.10760154352650425,0.08598246069926488,0.15497189338114495,0.37614107279190345,0.07131405438856452,0.02949508715156567,0.033152299588958864,0.04815186456354948,-0.6391385878403334,0.07919435517059295,0.036935841119540805,0.0372383678391307,0.0630759554875285,-0.4046371293595501,0.1839162993689533,0.11632204601867405,0.13919278808635435,0.2037990828841719,0.6140396452117743,0.3183260137212265,0.3606022295744924,0.41119711069284326,0.5539010574647231,1.4824995831348444,0.19220330305032005,0.13225572720651957,0.13819273339703161,0.22034090997851785,0.6818254719535978,0.15204583601437846,0.10240034496471874,0.11347536753898145,0.1782196281368896,0.4975462609140654,0.21046271343849973,0.16697512356972047,0.178790547212255,0.2978029452229542,0.9434931716766876,0
0.046804410205593214,0.014745750721882719,0.015553081910304573,0.02345295413620407,-1.26396969686548,0.03419982672187647,0.011442192142491342,0.010681990944596678,0.015996940495253322,-1.5962909467260877,0.03746178459533253,0.011178568380509585,0.010088265510953051,0.01669352622174883,-1.5592686381082943,0.05225642910471774,0.014932257131608303,0.014155573961701702,0.025248161408252718,-1.1999052895483744,0.05827235200236159,0.01713072731985418,0.014846041096112324,0.030422083317625914,-1.0379869025780477,0.04897099846504554,0.019328598006262784,0.02093395316075727,0.02991405482134132,-1.0526142349614633,0.04725206833488532,0.014876881911094465,0.01291183578530244,0.022537213267375865,-1.2985643766071877,0.048789041479798664,0.017808259490998388,0.021237006372169222,0.02619793199420917,-1.1678307845149052,0
0.0405780069695179,0.012573305819815916,0.008677929706173511,0.018211294181622394,-1.4836831855352326,0.03783857280591462,0.012377461922532695,0.007561965361539231,0.017826649760809162,-1.5022253413856033,0.04259010484647584,0.015197496494209596,0.009296486387653648,0.02331406473094,-1.2691288095133832,0.0513693417439151,0.030280947921146814,0.01199716194254078,0.04802141492765549,-0.64149490103165,0.14104217670262906,0.11084781600003428,0.01676353217487253,0.18370757530769877,0.5238893248085179,0.0824266092168094,0.03720485337989304,0.012553048791838925,0.057069910420293316,-0.49155042368294055,0.05362221971568176,0.02014764718402044,0.012703837260971778,0.029375132300340282,-1.0684051428647643,0.057885624335448846,0.03701792907599039,0.011621404010412919,0.0611462321865639,-0.43162540321380316,0
0.1450844574095461,0.0979494964412544,0.0235606243540302,0.15322845568475074,0.36631404371936566,0.06505715018786049,0.02328351350647468,0.012675058852031984,0.036700545310844844,-0.8750197709728542,0.08195906407354134,0.03713753126221674,0.01304975486479215,0.05883661328996221,-0.46506947293428663,0.19843645177470173,0.13756318864210954,0.029667529523417776,0.22599593888316866,0.7038364646049443,0.49807719012338636,0.40486281631867377,0.08523438857950863,0.6585902011503629,1.6328657241243516,0.2780975620662313,0.22821796066881525,0.0437143911107329,0.38483148339083784,1.1661763842375974,0.18292299812231846,0.12032287289086559,0.02466154115702622,0.2013872262665994,0.6036990352962753,0.24505327701938315,0.19253038144085272,0.045661474960193946,0.3002328777639929,0.9505516926615,3
0.19801851368272952,0.11456416763392932,0.08189193464920512,0.18807147682160882,0.5442810642917828,0.08500818274126423,0.029003499837298254,0.022523230211901488,0.04879877133326555,-0.6275470306552421,0.11955411069442821,0.049144722242306926,0.03468513937233279,0.08181480410374721,-0.17870101569187108,0.3356538490035688,0.18495616957657932,0.12320653613803767,0.31490484929193524,0.9919938915741181,0.7040085704276734,0.5192962861631649,0.4978155213429789,0.8410293081501994,1.8452574552685823,0.3683658904252564,0.25976516081838597,0.27655286018682396,0.4305107413489671,1.2636031779557069,0.27448619372639305,0.14774400096676069,0.11052939742438639,0.24628780120286034,0.7785209975572427,0.3775958825823789,0.2542934460185085,0.13906017944721652,0.4052520837232243,1.2110857077567134,3
0.09697669698814368,0.06106840094772051,0.06053002139195701,0.1059988526609657,0.04623752350995489,0.05874202811933516,0.021765434913231747,0.015616751327157645,0.03575458543718785,-0.8977013115973788,0.08081831661210118,0.03569022063827827,0.03399473202770022,0.05654689489313607,-0.4995472815851199,0.18161038482304875,0.12751567715305698,0.1182557287117125,0.20883799912451498,0.6352542417696684,0.36474769444346455,0.34451384495066995,0.35266967865529386,0.5661322630089491,1.501471005329456,0.18567930670889116,0.13020649855662153,0.15001423622893906,0.2082063491647729,0.6326231326044343,0.14499684836894766,0.08862555825557447,0.0994735571581007,0.1426990825860494,0.3044775566769194,0.19752971727155189,0.17043178849725737,0.19095078968155735,0.27943616431058216,0.8882004172244563,0
0.04453577866904196,0.013251179559381876,0.013023721148847353,0.021283203599728344,-1.348290806185787,0.03731804805951692,0.011261325196650102,0.009930107566428776,0.016613336150037357,-1.5634511002748321,0.04297731058342168,0.012908968536055564,0.008319461356401341,0.01997021741386254,-1.4035992193639182,0.04183101585100576,0.015035690597937879,0.016126614285090265,0.02248129335272939,-1.3007222200963047,0.06082459645185262,0.030140020062811988,0.03356239205710762,0.044440066038179904,-0.7088154141359054,0.05119463649630298,0.018520171231688577,0.02092154305959107,0.029575402017875896,-1.0625034920090402,0.043374275272581746,0.016060413576209156,0.017654893408047635,0.02134496926952797,-1.3457737376340237,0.042416328174774254,0.014247770072639816,0.014378409673003073,0.020377082179549852,-1.3860808115220735,0
0.03908094345333564,0.011436994483683963,0.01023602014515299,0.01739601072997785,-1.523465471664102,0.03944316141574027,0.01171579910339911,0.00922429520703027,0.017635214400336625,-1.5116033174501993,0.04024151106426615,0.01316092373047275,0.012947252087497207,0.019433562659089996,-1.4272599554791803,0.04277865104584789,0.013800172000793712,0.009767649566688196,0.02031052352438771,-1.3889225695408984,0.038111939170923904,0.011960208678822318,0.01029620704890067,0.016577887032996678,-1.5653064536238723,0.0424146619387223,0.012239242779044639,0.011703860613575288,0.020637761305042017,-1.3750396351508138,0.03466411704569489,0.010682296700337142,0.00911193536138109,0.015755778156533465,-1.6094850908910798,0.033397469308149644,0.01053366634014735,0.008260893391355212,0.01562764870982221,-1.6165775248810959,0
0.03482073574138393,0.010551031921171624,0.008276390430009157,0.015675028755763324,-1.613948112973289,0.0397539160626521,0.012210789067689323,0.009874284117621908,0.018261455122089022,-1.4812940447325833,0.04002264781835541,0.012358806352227069,0.00998492589683263,0.018898158697698165,-1.4515258220702363,0.038644121144844425,0.012635982602307796,0.012403885925749038,0.017548376131178305,-1.515890936436685,0.040478179692992465,0.012405631290753694,0.00861888870874215,0.018544153251180605,-1.4679507900069086,0.035122259145122355,0.010888174489591566,0.010924400305216672,0.017296420111105562,-1.5284523548529052,0.03649246098746899,0.011326266333283097,0.008195862204768634,0.01654403986530873,-1.5670816695787737,0.03423990528116689,0.01209072719798227,0.007183709612179947,0.01637635632088969,-1.5759302469102783,0
0.31405009466124184,0.21004120336354112,0.20343624195480994,0.3538625126379599,1.0933043084749732,0.13663434987498077,0.0666564716213314,0.06649741579537516,0.10931355989947773,0.07298327008434294,0.188996024575503,0.1066046558841767,0.09815720449088378,0.17829666368822591,0.49792162794377554,0.2736231026815703,0.1809991264901305,0.13187331298333343,0.2942733740949596,0.9331371322745026,0.27299432876267044,0.21826029990005452,0.25732159699727974,0.3686652941136321,1.1288997053162784,0.5444081912938308,0.37925571565994953,0.3863000465748586,0.651449766353872,1.6233970599091023,0.7174429436120106,0.6077890600299702,0.6730581724198101,0.950072384945821,1.9511485845120058,0.374251140130839,0.24192695699698702,0.1976473661484244,0.41406719700686034,1.2297768474728876,1
0.16584641632982364,0.09526029341529993,0.09861325278462717,0.16242841923793777,0.4169592301026703,0.07845431670858291,0.03543419053977863,0.040572305883277565,0.056418421532151666,-0.5015229427019331,0.09314859387975645,0.05399463943624543,0.06551131814592016,0.08902196728272839,-0.10537043048376736,0.15851886466687348,0.10205757245441463,0.1095888330781204,0.1708619628682818,0.46092597708953664,0.29533942720859535,0.2998894251062268,0.08260830643844466,0.4743143820918419,1.3477677815290732,0.2961599239063191,0.22217375861243496,0.2671941851945419,0.39554342252088376,1.1900235286773473,0.36886952111075616,0.302832183118497,0.37854881281134967,0.5101725412102252,1.4110693547256663,0.29846312483088366,0.19502577041830174,0.1536241452026524,0.3177560095231779,0.9998227402916565,0
0.09082574096632653,0.06047131367330465,0.06601987102346682,0.10277667125390122,0.019424289763008074,0.05250070805008969,0.018335130715012374,0.02039163674355926,0.02885780865121486,-1.0838381066219571,0.045619577232349065,0.015118351573897328,0.01618020268536612,0.024349385748132057,-1.2313887855587635,0.08926462748525596,0.05411137097777602,0.052612173983008506,0.08500202747370324,-0.14550623608821006,0.25821101949397274,0.2970652871806721,0.30302011882150814,0.4687913939634064,1.3375944552741443,0.0991275319564001,0.049572913973037896,0.053966161328502356,0.08812053902840099,-0.11421051531870417,0.14048074422999435,0.086266909948363,0.10591127442974296,0.1417037000542143,0.2983975752921688,0.18706303163018104,0.16048721002925626,0.18873392793361263,0.262575100427919,0.8341422751230134,0
0.05968871048061839,0.030373749591205767,0.011849481812474005,0.047608449157523984,-0.6489967362278245,0.04449045149538515,0.015533106485031083,0.010236894961471912,0.023597413446520204,-1.2586360017898661,0.04162129081790937,0.014584532698238397,0.00901304621129494,0.021022364361107816,-1.3590016873237074,0.05279246034737402,0.019315826330155373,0.010110217287373323,0.03098086012119584,-1.0221778635977994,0.05940954936772338,0.029144035272272533,0.017423803709206712,0.044967178034913485,-0.6985735378191658,0.0880346526491567,0.06007281814434358,0.015972850258527273,0.09604442348685199,-0.03942049739110736,0.09382792350481052,0.03743729164757262,0.017250912968295708,0.06760214985274168,-0.3444437906098173,0.06112338279397152,0.023492213394624598,0.02068398527639578,0.037776932098018884,-0.8499114343346645,0
0.19297823080039744,0.12818358151325576,0.02771331669714426,0.2224803283796704,0.6902184283429599,0.07231030308263627,0.03421135249658838,0.014558388847846096,0.05019043471170155,-0.6031228909430738,0.10802086027318464,0.06777563624041148,0.01942592859679497,0.10697750775434446,0.05422014651002059,0.14134741183686897,0.09025658783526855,0.025798300047659456,0.1340846909464321,0.25039358524443595,0.15381120377053373,0.11593955119156457,0.019161514116111986,0.18832316302654853,0.5454426743116475,0.306393110250832,0.26240104694044086,0.060074216038851345,0.4406848669220806,1.2838914688641412,0.4072857900181097,0.337491115763699,0.07280683437052196,0.5842347760091753,1.528810003328216,0.18837738201102228,0.1318375477958247,0.029547078572841726,0.23118120912622503,0.7235402563052279,0
0.3134472635188055,0.19082386439019997,0.10722619047643396,0.3170078841222253,0.9977753214822528,0.10674553069459092,0.04879912765614136,0.03287734818570335,0.07915234479302229,-0.20743723572112138,0.19016898706168162,0.10482622873845983,0.037498041719984984,0.1743117343896527,0.47828844281796556,0.24709647366850276,0.1366293992326302,0.06652024442842515,0.21894175070553437,0.6762923675468894,0.18034009839398607,0.1205516907065132,0.11676191374020185,0.19620714403810324,0.5810648271873651,0.4522067591770295,0.3078416384805467,0.20209861973108334,0.5212308049325074,1.4296953441232374,0.615761346402636,0.4234037269573637,0.27292221596165694,0.7415280883324766,1.7358904072191692,0.35352761848822967,0.2192412454380455,0.08720626139243551,0.3768426515201807,1.1479552963826134,1
0.2560036281836193,0.17149035863465445,0.16226829115608163,0.2716008040561159,0.8634972972181408,0.09295983509684642,0.043315413592242245,0.03296958699321347,0.07213161466388555,-0.2881134974685412,0.15936336616505456,0.0877064398140676,0.09594684198299376,0.14944740487410949,0.3446119505961981,0.19025602684156176,0.1089414378280606,0.11475254803858911,0.1826284816742289,0.5187722116334355,0.10437819832576456,0.05002141312892838,0.042720649636302524,0.07895065512536611,-0.20965332921158195,0.285872056116546,0.1841036986230723,0.19642813483598526,0.3073385836567843,0.9708693656626187,0.398447609342178,0.29243912164152136,0.27524834586844593,0.5015765507728367,1.396309643751596,0.29476781090531323,0.19429886406745106,0.24165403761740334,0.32497959772182994,1.0193473880940271,1
0.14625491840775065,0.10092621706666681,0.06808454436832108,0.16095636240084682,0.4090514915394376,0.057004354109484144,0.02537508298521982,0.016939706095989143,0.03688342263180448,-0.8707023753715442,0.08266638769358556,0.03823510595160813,0.04374855521566145,0.061556567683267206,-0.42581601316070966,0.10563140552533834,0.053308820316905,0.04042323625868539,0.08842041955251469,-0.11125966282166956,0.20864359141293407,0.23015192981532862,0.023564857050235838,0.3820385404000956,1.159849548896344,0.13016427435580546,0.08861269855860403,0.0863984882989243,0.1267783687942335,0.20172551376003447,0.24828818117262275,0.18636401403127767,0.14832278397114929,0.29568414318370384,0.9372912646002858,0.22715486430066226,0.1745069587514261,0.09047024791126997,0.2731436805017617,0.8684175087105268,1
0.06574340518634918,0.04087485874793512,0.050015065373587575,0.06749866469482092,-0.3457744425969051,0.037413837176440756,0.013824771160465727,0.017031013746503145,0.018657215711085667,-1.4626711398219958,0.050697121566315256,0.020408108748148225,0.022319293091788178,0.030575429456752484,-1.0336196738623065,0.0720565955158791,0.043255063947773266,0.05425514661108538,0.07330174110347919,-0.274136224669905,0.1866795986858824,0.22883310027849318,0.30698841063304655,0.3800781280867928,1.1553809515647733,0.07571663824525737,0.0589350761517956,0.07181329149266923,0.09032446557071967,-0.09275400415009794,0.1475708558653387,0.12677714061219933,0.1813569530180975,0.21185255700942074,0.647702614994766,0.1608482686456675,0.15473563517447594,0.20127761574776865,0.24398537536578874,0.770362785075932,0
0.05871104482397497,0.025340561630998192,0.013330972486803695,0.03687311020209016,-0.8709452626753287,0.04261378702205734,0.014432400264135316,0.009003305825246229,0.023540785101621997,-1.2607229198560646,0.04375263596905774,0.017035089266782443,0.01083596634027637,0.02553685714614031,-1.1900299113312693,0.0625061175393594,0.032134844635061485,0.011364552790160996,0.05153565673870938,-0.5801491758044015,0.07330522516529427,0.05480685361021488,0.01484418324632905,0.0972932255110592,-0.028199602267426904,0.08270511453659038,0.039080276547465244,0.016423765266647888,0.0668329397615035,-0.3543836759391647,0.11018869353470409,0.06406415131293695,0.02028244090443925,0.10985798382746849,0.07729844330484388,0.0720165328963065,0.03767468336383334,0.018611251269101344,0.06387987482555937,-0.39363669249279376,0
0.18374399714255113,0.11156676121345019,0.028369174706413588,0.17730521426671242,0.49307821000651425,0.08595063365406218,0.03895737478400753,0.01279447236450469,0.0645269081185673,-0.3848830936358989,0.11648633973196965,0.0730681781618724,0.016421793303484266,0.1193186300781173,0.14905171158521577,0.1636511311575009,0.10226625649945863,0.026484408122954897,0.16897825552099446,0.45129683915243385,0.15262422242929327,0.09922223776295892,0.016462547087384493,0.16879582023522055,0.4503585712235758,0.28941434114142894,0.22215781081668592,0.05735243826511355,0.34826959940939833,1.0794663273499838,0.41399096170497574,0.3283260071427363,0.0778688146685404,0.5527080216176679,1.4806267299453182,0.24342337399586986,0.17558870470194826,0.03798528549529663,0.2884365906225508,0.9157359015429567,1
0.26486966934802164,0.1392957261992969,0.1150429738893183,0.22765269426436932,0.7101807836770876,0.09966758523526656,0.0424890549038557,0.027033081139781676,0.06919234218579356,-0.32424874164742695,0.15450517387534554,0.0796123152754599,0.06481212755186047,0.13109814020711835,0.23082825603240867,0.19578867025513863,0.1105952117012353,0.0765068864592423,0.17980062625554055,0.5052175947407114,0.1481318177637823,0.08737852846590952,0.09982537385956194,0.14492341521441338,0.31791231442685025,0.36332294332158527,0.24252439837407444,0.20324332769539155,0.38853376214663304,1.1744927213187453,0.48725412543038604,0.3473898333800342,0.34443501805259463,0.5832598649695248,1.527359380538465,0.33154112923424583,0.20405740879593073,0.15030523784825334,0.33561012596646383,1.047305306211328,1
0.17914781064404028,0.09453673057509358,0.09024935087367375,0.15818539886858932,0.39396798246004927,0.06695096275481952,0.02571106551398823,0.02618578881405234,0.0388188196442331,-0.8262801539000166,0.0924889887893756,0.03908465775528314,0.04261854025774416,0.06507105945396395,-0.37758904989494535,0.11847142008529563,0.060151793773340886,0.060381291896832175,0.09363485961055215,-0.06148967805403493,0.08844313093243296,0.04718699195928439,0.026713505432890375,0.059665270062468814,-0.45292158398573784,0.19984684082504184,0.1226166409439753,0.11989573423253866,0.18968641221225002,0.5517076390570833,0.303166121972901,0.1803024652019228,0.14559171475307076,0.30877430106713266,0.974917489264475,0.22224609373270116,0.13838862892024728,0.10727432614733443,0.22653919757922955,0.7059219103374322,0
0.09743272920040146,0.04254256936921548,0.03565512967656804,0.07030772666424445,-0.31035869410394046,0.05037983500332363,0.0173005919437354,0.01783420187709089,0.026459322603430105,-1.159207362536838,0.05489268253258202,0.021073916132104527,0.020476044576505266,0.03382224972419239,-0.9459598218058344,0.07438963283293684,0.03579481756887156,0.038820039409225335,0.05769678955100728,-0.4820615090415085,0.15879938179881448,0.13159350224919839,0.023213808733061395,0.20898674700095907,0.6358726865627323,0.09830539827244156,0.06736406281199468,0.07618379032266274,0.09879760098407432,-0.014872007158933612,0.2239829026228044,0.14248163888502766,0.11706572283600827,0.24438736496649588,0.7717926921152055,0.18990630586555524,0.1368265167815021,0.085110701779035,0.23911779987082094,0.7528590067868156,0
0.05706429183308677,0.021621514373880622,0.024145670774431496,0.037352754107933636,-0.8597195475959133,0.04157147747819905,0.013676127438245535,0.011549739459120596,0.0209351612556556,-1.3626121845088126,0.04582928471286121,0.014531745187640197,0.01253525149295299,0.02344346552379107,-1.2643211822963931,0.053495041922484256,0.021572817541957053,0.02389858352488262,0.03276547919281091,-0.9735317576732099,0.13728501039349275,0.12621514997962874,0.1638388939895026,0.19088474131311245,0.557177622067231,0.05147600958471423,0.0220804139222649,0.024643412989084127,0.03512697797685487,-0.9130832285300622,0.09836542573613657,0.06804565965574898,0.08968140755627177,0.11127033877836821,0.08839401524072801,0.12323427464073099,0.1084129925944963,0.12514467832900952,0.19267394270762378,0.5652811635713083,0
0.03943386547292126,0.010994144738644103,0.010773243906467602,0.01733293581287109,-1.526620547909433,0.03731774260736045,0.012201376215168463,0.011058957621026919,0.01773875380977666,-1.5065185927365965,0.04153372947972188,0.013246266165872178,0.00984882637190621,0.019559901754958763,-1.4216314672177344,0.03923158920528323,0.011629255032702129,0.01109012841165157,0.017912633712453867,-1.4980459148105865,0.04658026677963972,0.014324397783584993,0.01561281027200893,0.0232534509799171,-1.27138997651458,0.03833801253366667,0.011662020011601899,0.009931786144987426,0.017931752443842174,-1.4971193362055983,0.03958630915453643,0.011858449460854797,0.008388155070218527,0.017597968974758217,-1.5134397099961616,0.044400227632624405,0.013739432905357412,0.012476591464046586,0.02180526901337229,-1.3272419074649662,0
0.27598750866303534,0.15392424470769564,0.09706180323262885,0.24092246689862454,0.7593897974596114,0.2852488002442079,0.18976702789552008,0.13564720794836999,0.3104844856596759,0.9797150029095248,0.4235956572902403,0.33459825925065345,0.25374344337863347,0.5201710793114661,1.427927599488356,0.35830819777652145,0.2761800331803631,0.224728126890486,0.44691950036729655,1.2960938037488707,0.4276211970451945,0.3352306806676803,0.3458976513874251,0.5318795268848004,1.4472617421419647,0.6391119575903867,0.5684661404419792,0.551612721301157,0.8583023278407849,1.8629157753902328,0.5220517961573667,0.37949657046392643,0.35141888474235655,0.6259474941201352,1.5887110048834252,0.6164441911652437,0.5150172484920386,0.4207497620348319,0.8244802681207188,1.8279957272964473,1
0.18429119705040226,0.11307414941563752,0.09788775590562043,0.1742984525625631,0.4782222574403342,0.14342074793835052,0.0943278485068327,0.1199599471932079,0.15711584686669605,0.38807517587643525,0.19937053018161774,0.1592554253887324,0.19231815409965963,0.2530251700965152,0.8019626455682073,0.19743577966118542,0.1667991497447437,0.09765053803567517,0.2680105915903476,0.8519391093592287,0.19588303055688547,0.13751244084903527,0.12898597733647996,0.24343026252699618,0.7683843294974673,0.22979283513199913,0.28778327270768544,0.42326937385191193,0.4258716021446741,1.254192557660987,0.28439719912015593,0.23535462015863343,0.24363797728365136,0.3934763966275331,1.1854725657164735,0.25483524445924427,0.2722833635246605,0.35670639343268695,0.42107077625676725,1.2443453965031939,1
0.07291740307647843,0.0560487915944444,0.06368000745761672,0.07804594926337466,-0.21966407089299628,0.08678192066052867,0.04134030242524527,0.029755816155643044,0.0654498094792723,-0.37254803203902026,0.1339197939394325,0.06794367812305727,0.058148725312396066,0.11078539639194333,0.08460022649443352,0.10695402842269618,0.06533345667740462,0.08180644034068343,0.10090314917758156,0.003444636072432412,0.10470765339322326,0.04739619556624378,0.03620265962848487,0.07693513018280532,-0.23211541940911187,0.05580497668114258,0.02038017903266059,0.020977682589073603,0.029970922488415177,-1.0509645844118842,0.07688358932783422,0.046445552465754436,0.05259412009923259,0.06780952951821885,-0.3417833431445296,0.06682555469995284,0.03973286127476448,0.049177860737965554,0.05845301896450832,-0.4707509126182539,0
0.055133398302258725,0.024206932106087244,0.012800323158884536,0.03500944128106074,-0.9159944456540741,0.08464293440018227,0.039138582760120354,0.02819087839218331,0.05903586814164037,-0.46213289727382556,0.1418229246057434,0.06582471703073389,0.044556594885377054,0.10508634476096569,0.03872776689662705,0.15505290211179415,0.13033668796754733,0.0303837218082194,0.20520342408260545,0.6200044011201317,0.1741862463964365,0.13417697974162343,0.04544217631718965,0.21216145477175818,0.6489681639026859,0.08349755090960438,0.045684163712985865,0.016936979289998415,0.06596531027172595,-0.3657335863853547,0.0641576866500787,0.026242406280002767,0.01649705862829594,0.03839302358684466,-0.8358601740108741,0.08501425406812568,0.08298475246337535,0.015091225740401726,0.13647759439586474,0.26575791231172247,0
0.16873986583107567,0.10617298625815026,0.02793391951026271,0.16462751135030126,0.42864002073931406,0.20037926044966856,0.13209558744307584,0.047226899201367536,0.22281293561127644,0.6915159958012833,0.36554515712767766,0.3072233752911474,0.10159770967169987,0.5068656993046657,1.4054209997441351,0.4245513920828923,0.3257103945197739,0.06484605022450979,0.5379441537042244,1.4571095786552766,0.3652389564070203,0.2967420334238847,0.08134262547379097,0.4569739565141306,1.315418094236169,0.4184803147009574,0.37342661890514733,0.08652056716932592,0.6004950260541565,1.5526540235169335,0.30904678008876263,0.27315975398542836,0.054320021366677816,0.4301148547184269,1.262804078361108,0.45900804475936546,0.39474783680470255,0.06676943043520174,0.6664305529782361,1.6431449933808642,1
0.24738839953199407,0.13645550975347606,0.11801659521908793,0.20570703098427587,0.6221334665187311,0.2758733601881474,0.17080808384527424,0.1019798978881581,0.2882687715772063,0.9152303894240433,0.4765128690498065,0.3744062911577868,0.1687883267437474,0.6240746430639601,1.5861082686164845,0.47811877088535454,0.33754339041132053,0.38123685579397054,0.5728063436372702,1.5116508325805498,0.41085233937838334,0.3146823665358495,0.25327745662212353,0.4809640523845598,1.3598604307779392,0.6468153816842375,0.48978549709491853,0.3332964616892927,0.7784575702989119,1.7781050873981927,0.5045391287320491,0.35191633826402335,0.2297754315175772,0.5571272610838219,1.487544013934714,0.6705940086367866,0.504907171136634,0.37465481704818515,0.8186296341575178,1.821810118456068,1
0.17822267863393063,0.10780170682445768,0.09605426117584753,0.15375857530499248,0.36931388711893165,0.16452946282271044,0.11439179020135976,0.14856745216411668,0.19174243134790786,0.5610716546900425,0.2511155950349169,0.2229110105845992,0.28277433614734027,0.3780339649316082,1.1506968372334008,0.3206993517146712,0.22391558395129132,0.22465760703802368,0.38738870259454017,1.1719290970984115,0.25444089645273416,0.18181529130686022,0.2058288924176807,0.2863849558943316,0.9095355951674982,0.3192517722906554,0.32139880374243296,0.3900629818965624,0.460724174071696,1.3225171949245147,0.3319949562888248,0.23908383112347267,0.27099091389130764,0.374690177753209,1.1429798116178518,0.3482773392703021,0.3298657110414902,0.4313652103099266,0.5056816219459285,1.4033895351926537,1
0.08725830543127228,0.062181680753527015,0.08581286728119775,0.0881766224901135,-0.1136578861428373,0.08858286275378766,0.03551566587323254,0.03130189682462191,0.05696839520936134,-0.49309683415752614,0.11928159586195194,0.05729100736255714,0.03973916785291345,0.09052263373752117,-0.09085044305110934,0.20098688629265346,0.16224071433554932,0.17852108420156396,0.29278034319646157,0.9287190256552509,0.13409943191280352,0.07969392684082087,0.07731457318126866,0.12757548277487865,0.20716963555210552,0.0792111835232899,0.03350986746776822,0.03902795195821917,0.053031580215351655,-0.5552956688880251,0.12949385557310752,0.08684420394925407,0.11136042700226065,0.1498926826250752,0.3471960590516948,0.09555116608578793,0.055081090938600384,0.07177947511449304,0.08311209785126251,-0.16503631625450196,0
0.04439051956992482,0.012473508432018334,0.010005333266306472,0.02009035876571924,-1.3983894208476184,0.08128782691872935,0.0349386121994589,0.024171436771638685,0.054400987278960984,-0.5331512425533648,0.1239276760942518,0.06521093086711786,0.036461116647648166,0.10446161094380445,0.03354863255661834,0.08681300327131325,0.03629124394171478,0.037015206835956486,0.057292674396778834,-0.4881666146070317,0.09914738014201331,0.04872221719057725,0.030757746713506826,0.07800854066151224,-0.22008049850577627,0.08076939404888828,0.02703731242592002,0.01745363460373276,0.04866506102241551,-0.6299302608321488,0.0557036415115235,0.01653610949943959,0.014749570294469126,0.026474432199761953,-1.1587114963725484,0.06283155759759701,0.020221776199582615,0.01157602628404743,0.03290559053904586,-0.9698254268886576,0
0.06563991500980701,0.028087079150061842,0.013188488808811927,0.04712477083540917,-0.6578663028541887,0.0962262639598394,0.04427046744132332,0.022338726195151953,0.07060593636662604,-0.3066823714891013,0.1448863739159522,0.07971200833898487,0.05458473766067358,0.13541633002887699,0.2589772738688323,0.17442800606209174,0.10861011863628742,0.03782407321802417,0.17788871452589164,0.4959319881842054,0.14162141276320245,0.0781055339020801,0.04773897309284763,0.12842103501976795,0.2129075262500522,0.17148737652662507,0.08686576580072461,0.032145534074036856,0.13424087098192908,0.251404717166003,0.09527563844656563,0.05252491160474838,0.020224272009096426,0.0826665843736461,-0.1697048178527905,0.12477330282558455,0.06964453562652498,0.022427059498163548,0.11282203415967791,0.10042304601021909,0
0.15221162690547613,0.07653534007216518,0.02118121517685942,0.1222197377029002,0.16991788927900447,0.18343781697632744,0.11022784151929661,0.046857127124355816,0.16876853366346292,0.45021814872418164,0.2721308569617132,0.22583933147975094,0.06981162145680402,0.3848612490724162,1.1662435646628284,0.34059756783321976,0.2599696314233373,0.10428538291796025,0.3954647187318835,1.1898506828134534,0.32345121673434696,0.21999639134880045,0.05458085454377915,0.37558489598322864,1.1450514324830743,0.46923042777842294,0.33744393438109127,0.09658027275763294,0.5667945432005237,1.5024865154713691,0.26288463756631175,0.19640163303211491,0.04800203413556705,0.3054554100381251,0.9655308375826989,0.4248152054628638,0.3498308188966552,0.08622430645344904,0.5747815456205351,1.5146408263826454,0
0.2226233219771934,0.11624181574786555,0.0895049759196927,0.17503474430720584,0.48188372354948344,0.236740776552825,0.14549181031466193,0.10002497714870787,0.2295885821662433,0.7175357667053786,0.39243014935881276,0.3332371592384913,0.1466410302176443,0.5719498306009505,1.5103510659992092,0.3204017480532355,0.2625233258522969,0.33083857320198307,0.39074011251462215,1.1794111890437542,0.3690199499597886,0.25730402392440227,0.17547087009690823,0.4283514275687018,1.259235631826395,0.5741349378141832,0.3908000439570665,0.3894965081491643,0.6560818082241107,1.6295511862913377,0.3765221282256808,0.23965249958566306,0.18204740268526262,0.3828489392489461,1.1616900908806453,0.5874369850380768,0.44175045984704187,0.2839084079023366,0.7253328480502282,1.71670988608226,1
0.20342510910220749,0.114434524981592,0.09462893691559185,0.17253623563655648,0.46939583149581815,0.15100806195175057,0.10521114790135562,0.12512965497620512,0.17218407247451709,0.4676211455534961,0.24892131086459102,0.2554217918350771,0.2853814625241737,0.43553390489271826,1.2736791327322938,0.3312405966801829,0.23623460607130797,0.17469682929033556,0.3932448307750203,1.1849612396134275,0.19275004051087327,0.15725484780568588,0.19989416677632638,0.22829296198023463,0.7126202403527683,0.27255870414802497,0.21671006124537137,0.28325416887418225,0.34108369925239274,1.0613571236269546,0.30277109078141784,0.17120242223375629,0.20371115317167543,0.29159543334953203,0.9251966311004743,0.31918144946049165,0.28416478600701445,0.39481980641817904,0.45959969806080425,1.3203946640009343,1
0.105953398195288,0.06945722314625451,0.06720234297137709,0.10255717112806118,0.017567260670574753,0.08447700664704504,0.03628923618577297,0.024383829738479725,0.05509515980441929,-0.5221379112402376,0.12218604651152683,0.057046358379440394,0.043528662815799715,0.0854340187188354,-0.14110313428099158,0.28454098882248724,0.21566102487291156,0.1993619683677302,0.3696874685410178,1.1313046533000206,0.10483470457612945,0.05620685699846704,0.06070776421050878,0.08635806148042226,-0.13175903547974813,0.08487617753314936,0.036485892884928796,0.03759089593206568,0.05823483886412004,-0.47399904917146773,0.15199680496251916,0.0893818151335282,0.09188986780889774,0.15979222029181253,0.402746457111902,0.09976302034742052,0.0595232365553787,0.06523719378322548,0.0990390714708948,-0.01275168536532827,0
0.042928515670047046,0.01357533599023745,0.011438300404187116,0.020417558627371348,-1.3843571827946985,0.08903874973185123,0.037361658092725805,0.03160910676475666,0.058951894990307126,-0.46336926556970925,0.12851062690646464,0.06052356991567459,0.04302717105174613,0.09328590496348477,-0.0647327474703033,0.10535484101044093,0.06327034954128191,0.055288548376777186,0.10364631250499033,0.026742905629571656,0.0665493601665473,0.032514998232656744,0.029021402521341447,0.05106580526334472,-0.5881044359143229,0.05481591605214698,0.018091199925979917,0.01656530918166216,0.029645943528171594,-1.0604342514084995,0.05765940154103777,0.016991843056594805,0.01597431012879552,0.028646818038347593,-1.0902120264523556,0.04978367656984522,0.015246038922182901,0.014577748982226508,0.02361083182023388,-1.2581422299257374,0
0.04409599499549425,0.013470137602891846,0.01261809545286007,0.02173491776991142,-1.3300488024901023,0.07980266303547713,0.03244083629269956,0.030467842078440173,0.054303287497044744,-0.5347125606406861,0.11394978390028648,0.04914122649280672,0.04665583189934939,0.0797979414095768,-0.20038142986873916,0.07686343602254293,0.033845838185967585,0.030248739643517025,0.055665746364426616,-0.5131887325042762,0.0630998193634382,0.029943573402634035,0.01853021060177175,0.04666788590135779,-0.6663285506289466,0.051338789554552434,0.016148792791297398,0.011122755914478623,0.027092365022595447,-1.1386709687262562,0.04662833256813968,0.013814342209848873,0.011167271695682417,0.021282249682648743,-1.3483297373745315,0.04282798025206818,0.013776050254716309,0.010963989281248674,0.020436257778453763,-1.3835620611230481,0
